Workbook

Sheet Class Tracker
A1: FAIRGAME INITIATIVE | VISUAL CLASSROOM PROGRESS TRACKER
A2: Pick a status from the dropdown in each cell. Cells colour themselves: green for done, yellow for in progress, salmon for stuck. The Done column and class percentage update automatically, and the Dashboard tab summarises where the whole class sits.
A4: # | B4: Student name | C4: Topic chosen | D4: Question testable | E4: Research done | F4: Hypothesis written | G4: Design approved | H4: Safety signed | I4: Data collection | J4: Data analysed | K4: Graph built | L4: Conclusion written | M4: Board built | N4: Presented | O4: Done | P4: Percent
C5: Wk 1-2 | D5: Wk 2-3 | E5: Wk 3-4 | F5: Wk 4-5 | G5: Wk 5-6 | H5: Wk 6 | I5: Wk 7-9 | J5: Wk 10 | K5: Wk 10-11 | L5: Wk 11-12 | M5: Wk 12-13 | N5: Wk 13-14 | O5: of 12 | P5: complete
A6: 1 | O6: =COUNTIF(C6:N6,"Done") -> 0 | P6: =IF(COUNTA(B6)=0,"",O6/12)
A7: 2 | O7: =COUNTIF(C7:N7,"Done") -> 0 | P7: =IF(COUNTA(B7)=0,"",O7/12)
A8: 3 | O8: =COUNTIF(C8:N8,"Done") -> 0 | P8: =IF(COUNTA(B8)=0,"",O8/12)
A9: 4 | O9: =COUNTIF(C9:N9,"Done") -> 0 | P9: =IF(COUNTA(B9)=0,"",O9/12)
A10: 5 | O10: =COUNTIF(C10:N10,"Done") -> 0 | P10: =IF(COUNTA(B10)=0,"",O10/12)
A11: 6 | O11: =COUNTIF(C11:N11,"Done") -> 0 | P11: =IF(COUNTA(B11)=0,"",O11/12)
A12: 7 | O12: =COUNTIF(C12:N12,"Done") -> 0 | P12: =IF(COUNTA(B12)=0,"",O12/12)
A13: 8 | O13: =COUNTIF(C13:N13,"Done") -> 0 | P13: =IF(COUNTA(B13)=0,"",O13/12)
A14: 9 | O14: =COUNTIF(C14:N14,"Done") -> 0 | P14: =IF(COUNTA(B14)=0,"",O14/12)
A15: 10 | O15: =COUNTIF(C15:N15,"Done") -> 0 | P15: =IF(COUNTA(B15)=0,"",O15/12)
A16: 11 | O16: =COUNTIF(C16:N16,"Done") -> 0 | P16: =IF(COUNTA(B16)=0,"",O16/12)
A17: 12 | O17: =COUNTIF(C17:N17,"Done") -> 0 | P17: =IF(COUNTA(B17)=0,"",O17/12)
... A40: 35 | O40: =COUNTIF(C40:N40,"Done") -> 0 | P40: =IF(COUNTA(B40)=0,"",O40/12)
B42: CLASS DONE | C42: =COUNTIF(C6:C40,"Done") -> 0 | D42: =COUNTIF(D6:D40,"Done") -> 0 | E42: =COUNTIF(E6:E40,"Done") -> 0 | F42: =COUNTIF(F6:F40,"Done") -> 0 | G42: =COUNTIF(G6:G40,"Done") -> 0 | H42: =COUNTIF(H6:H40,"Done") -> 0 | I42: =COUNTIF(I6:I40,"Done") -> 0 | J42: =COUNTIF(J6:J40,"Done") -> 0 | ... N42: =COUNTIF(N6:N40,"Done") -> 0
B43: CLASS STUCK | C43: =COUNTIF(C6:C40,"Stuck") -> 0 | D43: =COUNTIF(D6:D40,"Stuck") -> 0 | E43: =COUNTIF(E6:E40,"Stuck") -> 0 | F43: =COUNTIF(F6:F40,"Stuck") -> 0 | G43: =COUNTIF(G6:G40,"Stuck") -> 0 | H43: =COUNTIF(H6:H40,"Stuck") -> 0 | I43: =COUNTIF(I6:I40,"Stuck") -> 0 | J43: =COUNTIF(J6:J40,"Stuck") -> 0 | ... N43: =COUNTIF(N6:N40,"Stuck") -> 0

Sheet Dashboard
A1: FAIRGAME INITIATIVE | CLASS DASHBOARD
A2: Everything here reads from the Class Tracker tab. Nothing to fill in.
A4: PHASE | B4: DONE | C4: IN PROGRESS | D4: STUCK | E4: NOT STARTED | F4: CLASS COMPLETE
A5: Topic chosen (Wk 1-2) | B5: =COUNTIF('Class Tracker'!C6:C40,"Not started") -> 0 | C5: =COUNTIF('Class Tracker'!C6:C40,"In progress") -> 0 | D5: =COUNTIF('Class Tracker'!C6:C40,"Done") -> 0 | E5: =COUNTIF('Class Tracker'!C6:C40,"Stuck") -> 0 | F5: =IF(COUNTA('Class Tracker'!B6:B40)=0,"",B5/COUNTA('Class Tracker'!B6:B40))
A6: Question testable (Wk 2-3) | B6: =COUNTIF('Class Tracker'!D6:D40,"Not started") -> 0 | C6: =COUNTIF('Class Tracker'!D6:D40,"In progress") -> 0 | D6: =COUNTIF('Class Tracker'!D6:D40,"Done") -> 0 | E6: =COUNTIF('Class Tracker'!D6:D40,"Stuck") -> 0 | F6: =IF(COUNTA('Class Tracker'!B6:B40)=0,"",B6/COUNTA('Class Tracker'!B6:B40))
A7: Research done (Wk 3-4) | B7: =COUNTIF('Class Tracker'!E6:E40,"Not started") -> 0 | C7: =COUNTIF('Class Tracker'!E6:E40,"In progress") -> 0 | D7: =COUNTIF('Class Tracker'!E6:E40,"Done") -> 0 | E7: =COUNTIF('Class Tracker'!E6:E40,"Stuck") -> 0 | F7: =IF(COUNTA('Class Tracker'!B6:B40)=0,"",B7/COUNTA('Class Tracker'!B6:B40))
A8: Hypothesis written (Wk 4-5) | B8: =COUNTIF('Class Tracker'!F6:F40,"Not started") -> 0 | C8: =COUNTIF('Class Tracker'!F6:F40,"In progress") -> 0 | D8: =COUNTIF('Class Tracker'!F6:F40,"Done") -> 0 | E8: =COUNTIF('Class Tracker'!F6:F40,"Stuck") -> 0 | F8: =IF(COUNTA('Class Tracker'!B6:B40)=0,"",B8/COUNTA('Class Tracker'!B6:B40))
A9: Design approved (Wk 5-6) | B9: =COUNTIF('Class Tracker'!G6:G40,"Not started") -> 0 | C9: =COUNTIF('Class Tracker'!G6:G40,"In progress") -> 0 | D9: =COUNTIF('Class Tracker'!G6:G40,"Done") -> 0 | E9: =COUNTIF('Class Tracker'!G6:G40,"Stuck") -> 0 | F9: =IF(COUNTA('Class Tracker'!B6:B40)=0,"",B9/COUNTA('Class Tracker'!B6:B40))
A10: Safety signed (Wk 6) | B10: =COUNTIF('Class Tracker'!H6:H40,"Not started") -> 0 | C10: =COUNTIF('Class Tracker'!H6:H40,"In progress") -> 0 | D10: =COUNTIF('Class Tracker'!H6:H40,"Done") -> 0 | E10: =COUNTIF('Class Tracker'!H6:H40,"Stuck") -> 0 | F10: =IF(COUNTA('Class Tracker'!B6:B40)=0,"",B10/COUNTA('Class Tracker'!B6:B40))
A11: Data collection (Wk 7-9) | B11: =COUNTIF('Class Tracker'!I6:I40,"Not started") -> 0 | C11: =COUNTIF('Class Tracker'!I6:I40,"In progress") -> 0 | D11: =COUNTIF('Class Tracker'!I6:I40,"Done") -> 0 | E11: =COUNTIF('Class Tracker'!I6:I40,"Stuck") -> 0 | F11: =IF(COUNTA('Class Tracker'!B6:B40)=0,"",B11/COUNTA('Class Tracker'!B6:B40))
A12: Data analysed (Wk 10) | B12: =COUNTIF('Class Tracker'!J6:J40,"Not started") -> 0 | C12: =COUNTIF('Class Tracker'!J6:J40,"In progress") -> 0 | D12: =COUNTIF('Class Tracker'!J6:J40,"Done") -> 0 | E12: =COUNTIF('Class Tracker'!J6:J40,"Stuck") -> 0 | F12: =IF(COUNTA('Class Tracker'!B6:B40)=0,"",B12/COUNTA('Class Tracker'!B6:B40))
A13: Graph built (Wk 10-11) | B13: =COUNTIF('Class Tracker'!K6:K40,"Not started") -> 0 | C13: =COUNTIF('Class Tracker'!K6:K40,"In progress") -> 0 | D13: =COUNTIF('Class Tracker'!K6:K40,"Done") -> 0 | E13: =COUNTIF('Class Tracker'!K6:K40,"Stuck") -> 0 | F13: =IF(COUNTA('Class Tracker'!B6:B40)=0,"",B13/COUNTA('Class Tracker'!B6:B40))
A14: Conclusion written (Wk 11-12) | B14: =COUNTIF('Class Tracker'!L6:L40,"Not started") -> 0 | C14: =COUNTIF('Class Tracker'!L6:L40,"In progress") -> 0 | D14: =COUNTIF('Class Tracker'!L6:L40,"Done") -> 0 | E14: =COUNTIF('Class Tracker'!L6:L40,"Stuck") -> 0 | F14: =IF(COUNTA('Class Tracker'!B6:B40)=0,"",B14/COUNTA('Class Tracker'!B6:B40))
A15: Board built (Wk 12-13) | B15: =COUNTIF('Class Tracker'!M6:M40,"Not started") -> 0 | C15: =COUNTIF('Class Tracker'!M6:M40,"In progress") -> 0 | D15: =COUNTIF('Class Tracker'!M6:M40,"Done") -> 0 | E15: =COUNTIF('Class Tracker'!M6:M40,"Stuck") -> 0 | F15: =IF(COUNTA('Class Tracker'!B6:B40)=0,"",B15/COUNTA('Class Tracker'!B6:B40))
A16: Presented (Wk 13-14) | B16: =COUNTIF('Class Tracker'!N6:N40,"Not started") -> 0 | C16: =COUNTIF('Class Tracker'!N6:N40,"In progress") -> 0 | D16: =COUNTIF('Class Tracker'!N6:N40,"Done") -> 0 | E16: =COUNTIF('Class Tracker'!N6:N40,"Stuck") -> 0 | F16: =IF(COUNTA('Class Tracker'!B6:B40)=0,"",B16/COUNTA('Class Tracker'!B6:B40))
A18: AT A GLANCE
A19: Students on the roster | B19: =COUNTA('Class Tracker'!B6:B40) -> 0
A20: Students fully finished | B20: =COUNTIF('Class Tracker'!O6:O40,12) -> 0
A21: Students flagged stuck anywhere | B21: =SUMPRODUCT(--(COUNTIF(OFFSET('Class Tracker'!C6,ROW('Class Tracker'!C6:C40)-ROW('Class Tracker'!C6),0,1,12),"Stuck")>0)) -> 0
A22: Average completion | B22: =IF(COUNTA('Class Tracker'!B6:B40)=0,"",AVERAGE('Class Tracker'!P6:P40))
A24: HOW TO USE THIS
A25: - Update the tracker once a week, at the same point in the week.
A26: - Any cell showing Stuck is a conversation, not a grade. Talk to that student before the next milestone.
A27: - A phase where the Stuck count climbs usually means the whole class needs reteaching, not individual help.
A28: - Project this dashboard for the class. Students work harder when the class picture is visible.

Sheet Student Copy
A1: FAIRGAME INITIATIVE | MY PROJECT TRACKER
A2: Print one per student, or share the file. Students tick their own progress and write their own target dates.
A4: Name:
A6: STEP | B6: TARGET DATE | C6: STATUS | D6: MY NOTE
A7: Topic chosen
A8: Question testable
A9: Research done
A10: Hypothesis written
A11: Design approved
A12: Safety signed
A13: Data collection
A14: Data analysed
A15: Graph built
A16: Conclusion written
A17: Board built
A18: Presented
